{"cameraMode":{"drawMode":0,"name":"Shaded","section":"Shading Mode"},"sceneLighting":true,"audioPlay":false,"sceneViewState":{"m_AlwaysRefresh":false,"showFog":true,"showSkybox":true,"showFlares":true,"showImageEffects":true,"showParticleSystems":true,"showVisualEffectGraphs":true,"m_FxEnabled":false},"in2DMode":false,"pivot":{"x":-2.649740695953369,"y":5.1681599617004398,"z":-2.0354976654052736},"rotation":{"x":-0.11778770387172699,"y":0.11089162528514862,"z":-0.013190711848437786,"w":-0.9866964221000671},"size":5.196152210235596,"orthographic":false}