{"cameraMode":{"drawMode":0,"name":"Shaded","section":"Shading Mode"},"sceneLighting":false,"audioPlay":false,"sceneViewState":{"m_AlwaysRefresh":false,"showFog":true,"showSkybox":false,"showFlares":true,"showImageEffects":true,"showParticleSystems":true,"showVisualEffectGraphs":true,"m_FxEnabled":false},"in2DMode":false,"pivot":{"x":-0.3305107653141022,"y":0.6046077013015747,"z":1.5231364965438843},"rotation":{"x":0.03597273677587509,"y":-0.3854379951953888,"z":0.015039716847240925,"w":0.9219103455543518},"size":2.0662403106689455,"orthographic":false}